fname,label
00326aa9.wav,Trumpet
0038a046.wav,Gong
007759c4.wav,Oboe
008afd93.wav,Acoustic_guitar
00ae03f6.wav,Violin_or_fiddle
00eac343.wav,Oboe
010a0b3a.wav,Fireworks
01a5a2a3.wav,Oboe
01bb344f.wav,Laughter
02107093.wav,Oboe
02198549.wav,Tearing
023eab1f.wav,Double_bass
028db587.wav,Fireworks
02960f07.wav,Violin_or_fiddle
02fb6c5b.wav,Cello
030db750.wav,Oboe
03319789.wav,Oboe
0381efd3.wav,Fart
03c5bfbb.wav,Fireworks
0422b811.wav,Acoustic_guitar
0459ee65.wav,Double_bass
04605af5.wav,Violin_or_fiddle
046486df.wav,Oboe
047bf19c.wav,Oboe
04ab46a9.wav,Cello
04ab4e22.wav,Oboe
04b249bd.wav,Oboe
04ecda67.wav,Electric_piano
053e7bb5.wav,Oboe
05723b3a.wav,Laughter
057425e6.wav,Finger_snapping
0586f0e0.wav,Oboe
058e63ea.wav,Oboe
059d5420.wav,Saxophone
05ad10fb.wav,Oboe
05c8453f.wav,Writing
05fc58ee.wav,Cello
06123abf.wav,Oboe
0638da1a.wav,Cowbell
06775f3c.wav,Clarinet
06c535eb.wav,Oboe
06e4c394.wav,Oboe
07063bc9.wav,Tambourine
0716b51d.wav,Knock
0761d26b.wav,Hi-hat
07682400.wav,Oboe
079faac8.wav,Oboe
07c8463e.wav,Violin_or_fiddle
07c95625.wav,Oboe
07cf422e.wav,Clarinet
07d5cca9.wav,Oboe
0844d331.wav,Oboe
08904a43.wav,Oboe
08d23bb8.wav,Oboe
08e27974.wav,Squeak
09553ca1.wav,Cello
0967cebd.wav,Oboe
097cdef5.wav,Oboe
0995f876.wav,Saxophone
09c9b50b.wav,Clarinet
09d0535a.wav,Fart
09d2d1c0.wav,Oboe
09e83f2a.wav,Acoustic_guitar
0a23fde2.wav,Oboe
0a5cbf90.wav,Oboe
0a695221.wav,Gunshot_or_gunfire
0adf81d5.wav,Fart
0b32ee85.wav,Oboe
0b430780.wav,Clarinet
0b495758.wav,Chime
0b4bb93c.wav,Oboe
0b79fdea.wav,Hi-hat
0bb807c0.wav,Oboe
0c91a6b2.wav,Oboe
0cb0d029.wav,Oboe
0d34cc5a.wav,Tearing
0d6e2584.wav,Oboe
0d976b22.wav,Clarinet
0d99cfde.wav,Oboe
0da2acf4.wav,Tearing
0db65bf4.wav,Oboe
0e23a6f4.wav,Oboe
0e398b30.wav,Oboe
0e3b99ce.wav,Flute
0e70bdaa.wav,Oboe
0e722a03.wav,Fart
0e7aea38.wav,Oboe
0ed387f3.wav,Tearing
0ef36ea1.wav,Fart
0f4edd6e.wav,Oboe
0f5182eb.wav,Shatter
0f53de64.wav,Drawer_open_or_close
0f6b702d.wav,Acoustic_guitar
0f712cb7.wav,Oboe
0fba4394.wav,Acoustic_guitar
0fcd2371.wav,Writing
0fd76662.wav,Oboe
0fe4be7c.wav,Fart
0fe4e425.wav,Oboe
10145c52.wav,Tearing
10dba05f.wav,Oboe
1146e063.wav,Oboe
116b77d5.wav,Writing
11704d14.wav,Squeak
117dcac8.wav,Oboe
11edc852.wav,Clarinet
12a0327a.wav,Oboe
12bfa703.wav,Oboe
12d71e7f.wav,Tearing
12fb2e35.wav,Oboe
13489639.wav,Oboe
139ab603.wav,Oboe
139aebb0.wav,Saxophone
1472c52c.wav,Oboe
14a40516.wav,Squeak
14dcf709.wav,Oboe
14f70585.wav,Oboe
15389a70.wav,Clarinet
15719ed6.wav,Oboe
158a30ac.wav,Fart
15bc9bf6.wav,Gong
15bfb7ad.wav,Acoustic_guitar
15df8abd.wav,Saxophone
163b9ad7.wav,Oboe
169187fd.wav,Oboe
1692752a.wav,Clarinet
16a2e687.wav,Double_bass
16aaa6b7.wav,Violin_or_fiddle
16d0c74a.wav,Oboe
1779afe8.wav,Cello
1796f9cb.wav,Oboe
17a4e6f1.wav,Hi-hat
17c6a405.wav,Oboe
17cb084e.wav,Oboe
17cfddcf.wav,Oboe
17e829a7.wav,Shatter
17fc511c.wav,Fireworks
1810cd33.wav,Oboe
181505d1.wav,Acoustic_guitar
1837f058.wav,Tambourine
1850e006.wav,Hi-hat
18b390aa.wav,Oboe
18b60e7c.wav,Oboe
18bc6c72.wav,Clarinet
18d8abc6.wav,Cello
190f0ca0.wav,Oboe
191087dd.wav,Keys_jangling
192ddfa1.wav,Oboe
19416771.wav,Cello
19536d06.wav,Squeak
19a686e2.wav,Acoustic_guitar
19c987c6.wav,Keys_jangling
19e18ee3.wav,Cowbell
19e6ef89.wav,Tearing
1a21ea60.wav,Hi-hat
1a281fda.wav,Bark
1a29b341.wav,Oboe
1a2f7f1a.wav,Trumpet
1a35ff8a.wav,Fart
1a4cd763.wav,Oboe
1a7618a1.wav,Cough
1ace26c4.wav,Oboe
1b004964.wav,Acoustic_guitar
1b12b1e4.wav,Oboe
1b75d261.wav,Tambourine
1b7c4e2b.wav,Oboe
1bb20333.wav,Tambourine
1c01994c.wav,Oboe
1c1562b1.wav,Clarinet
1c35850e.wav,Oboe
1c365ceb.wav,Hi-hat
1cb49809.wav,Oboe
1cbdc6d4.wav,Tambourine
1d2feaeb.wav,Saxophone
1d34997d.wav,Tambourine
1d49edfa.wav,Oboe
1d73513c.wav,Tearing
1d987419.wav,Saxophone
1dba45ae.wav,Gunshot_or_gunfire
1dec0b63.wav,Oboe
1e16cb1d.wav,Tearing
1e446435.wav,Oboe
1e5863c9.wav,Cello
1e8ff880.wav,Clarinet
1e92e05a.wav,Fart
1ec6c9c2.wav,Oboe
1ef40308.wav,Shatter
1f312f80.wav,Cowbell
1f3856c2.wav,Tearing
1f389629.wav,Oboe
1f41ab46.wav,Violin_or_fiddle
1f8ce32b.wav,Bass_drum
1fc58e0f.wav,Tearing
1fd0397d.wav,Oboe
1fe092a5.wav,Cello
201971e7.wav,Oboe
201b29ef.wav,Oboe
2058f848.wav,Fart
207b5701.wav,Oboe
20a9b42d.wav,Fireworks
20ef27a9.wav,Tearing
2103391b.wav,Oboe
2174fe5c.wav,Cello
2187cb81.wav,Oboe
2196f89c.wav,Oboe
21acb432.wav,Oboe
21d36543.wav,Oboe
22025272.wav,Cello
22244948.wav,Clarinet
223b7df6.wav,Oboe
224ab14d.wav,Oboe
224de930.wav,Knock
22f3b36c.wav,Oboe
22f70afe.wav,Laughter
23071dd2.wav,Tambourine
230ce5d5.wav,Oboe
23300ded.wav,Oboe
2423598a.wav,Chime
2442e7c6.wav,Oboe
247a90a0.wav,Oboe
2487cd7b.wav,Oboe
24adc8ef.wav,Oboe
24cb7cdd.wav,Oboe
24f112b3.wav,Oboe
25988d89.wav,Oboe
25eb383d.wav,Double_bass
266f7023.wav,Oboe
2676d124.wav,Clarinet
26d01867.wav,Oboe
26e34006.wav,Tambourine
27172052.wav,Clarinet
2750c860.wav,Oboe
276f8f90.wav,Clarinet
27d61cf7.wav,Microwave_oven
27ebc5bc.wav,Acoustic_guitar
2804c60c.wav,Oboe
280a3d2b.wav,Fireworks
280e6f34.wav,Bass_drum
282133d1.wav,Oboe
2849b57a.wav,Acoustic_guitar
286df5e5.wav,Oboe
28815c9a.wav,Chime
288c4290.wav,Tearing
28b6ff25.wav,Hi-hat
28c65e4d.wav,Oboe
28e59c89.wav,Acoustic_guitar
29031e07.wav,Oboe
29730e21.wav,Saxophone
2976b7eb.wav,Oboe
299606e0.wav,Squeak
2a4a615f.wav,Oboe
2ac77c6a.wav,Oboe
2b14749b.wav,Cello
2b8f6e49.wav,Oboe
2bb34f54.wav,Oboe
2c14ed19.wav,Double_bass
2c403fbe.wav,Cello
2cb6b373.wav,Oboe
2cc34e65.wav,Gong
2d0c1839.wav,Violin_or_fiddle
2d1863d6.wav,Acoustic_guitar
2d21041f.wav,Double_bass
2d62f754.wav,Tambourine
2d6de409.wav,Oboe
2d860064.wav,Oboe
2daa759d.wav,Clarinet
2e276aaa.wav,Acoustic_guitar
2e42ccd2.wav,Oboe
2eaff904.wav,Tearing
2ec85d18.wav,Cello
2f009392.wav,Oboe
2f1c2612.wav,Oboe
2fd2722a.wav,Oboe
2fefb864.wav,Cough
3077dab1.wav,Hi-hat
30881d07.wav,Oboe
30a320a3.wav,Oboe
30eb5385.wav,Cello
3132a40c.wav,Oboe
315e2cf1.wav,Double_bass
316e82b0.wav,Oboe
318ad3a7.wav,Acoustic_guitar
3192a42d.wav,Laughter
31bf625c.wav,Oboe
31c1e915.wav,Oboe
32393924.wav,Double_bass
3263223e.wav,Oboe
327bdcaa.wav,Clarinet
32a5773b.wav,Violin_or_fiddle
32bf60d9.wav,Oboe
32e67c5c.wav,Oboe
32fe0550.wav,Tearing
33596f0a.wav,Squeak
335d009e.wav,Violin_or_fiddle
3374eb78.wav,Cello
33a0c53d.wav,Oboe
33ed1199.wav,Fireworks
34404331.wav,Oboe
34409de5.wav,Fart
346a3906.wav,Snare_drum
34a3bc46.wav,Oboe
34cddac7.wav,Oboe
351dcc25.wav,Oboe
352c769d.wav,Fart
352f143a.wav,Saxophone
355eeedf.wav,Oboe
356cab15.wav,Oboe
35bb05b0.wav,Cello
35e1140b.wav,Acoustic_guitar
360e9c8e.wav,Saxophone
361c028f.wav,Saxophone
364d2e90.wav,Cough
36a2202d.wav,Oboe
36e7790c.wav,Oboe
37398fcb.wav,Oboe
374c8729.wav,Oboe
375d2777.wav,Oboe
37d02372.wav,Oboe
38284f2a.wav,Saxophone
3831e47e.wav,Clarinet
3863cc53.wav,Oboe
38957ab8.wav,Fireworks
38a944f7.wav,Double_bass
38ae005d.wav,Hi-hat
38cc6c04.wav,Trumpet
38df02f9.wav,Oboe
38f2e0c4.wav,Cello
3919052c.wav,Fireworks
392819ad.wav,Gong
39409d9a.wav,Writing
39559fac.wav,Saxophone
39a745ef.wav,Oboe
39b23710.wav,Double_bass
3a2dd0df.wav,Oboe
3a5f8a0d.wav,Oboe
3a6800f9.wav,Squeak
3a891940.wav,Acoustic_guitar
3ab2be0f.wav,Gong
3ac46d6b.wav,Saxophone
3ad721ec.wav,Oboe
3ad731d5.wav,Gong
3add7ae7.wav,Writing
3b6964dc.wav,Tambourine
3b95f75a.wav,Saxophone
3bb0dc97.wav,Oboe
3c0e6e53.wav,Oboe
3c1629c6.wav,Cello
3c7db3ac.wav,Oboe
3cca9c37.wav,Tambourine
3cdf8846.wav,Double_bass
3ce96793.wav,Oboe
3d5cf3f8.wav,Oboe
3d5d1b2b.wav,Oboe
3e28d521.wav,Oboe
3e810d62.wav,Fart
3ea22ce1.wav,Oboe
3ea7a660.wav,Saxophone
3ea8071a.wav,Cello
3eaf7d6f.wav,Bark
3ed76a58.wav,Fart
3f1983c4.wav,Hi-hat
3f303b25.wav,Oboe
3f7c6870.wav,Writing
3fa164e1.wav,Oboe
3fb0052f.wav,Oboe
406845db.wav,Clarinet
406c7d4a.wav,Tambourine
40d3c212.wav,Violin_or_fiddle
40f595b9.wav,Oboe
4110cbce.wav,Oboe
41111461.wav,Oboe
416d2ced.wav,Acoustic_guitar
41703f1f.wav,Oboe
41780230.wav,Keys_jangling
41990e60.wav,Shatter
419941be.wav,Oboe
41a968ad.wav,Oboe
41b78889.wav,Oboe
41ebdb67.wav,Oboe
41ee0c63.wav,Oboe
4223de81.wav,Oboe
42557556.wav,Oboe
426189f7.wav,Acoustic_guitar
42a32da8.wav,Applause
430a19a8.wav,Trumpet
432d77c9.wav,Cello
433221cb.wav,Oboe
433490d3.wav,Cello
433726c5.wav,Oboe
433d59e7.wav,Oboe
43723640.wav,Acoustic_guitar
439acbcc.wav,Oboe
43e22dad.wav,Chime
43e2dc35.wav,Meow
441b8b36.wav,Oboe
443a5ad9.wav,Acoustic_guitar
448757e5.wav,Oboe
44e4f598.wav,Oboe
4502efbb.wav,Tambourine
451d1eb2.wav,Clarinet
452da28b.wav,Tearing
456a12f6.wav,Acoustic_guitar
45acd2f0.wav,Fireworks
45d66815.wav,Oboe
45e681c2.wav,Oboe
45fc6c9b.wav,Oboe
46121269.wav,Cello
462a705d.wav,Saxophone
46380229.wav,Oboe
4698193e.wav,Writing
46b06055.wav,Oboe
46b5a369.wav,Oboe
46d15a22.wav,Flute
47538a81.wav,Clarinet
4797fc8b.wav,Squeak
479ab3cf.wav,Chime
47eba90e.wav,Oboe
47ebd5f5.wav,Keys_jangling
47f7b3fa.wav,Laughter
481623f9.wav,Oboe
487673e8.wav,Oboe
4897e0db.wav,Snare_drum
492bacbe.wav,Hi-hat
499d675b.wav,Hi-hat
49e3ba53.wav,Oboe
49ef9965.wav,Oboe
4a51b1a7.wav,Glockenspiel
4a6014e0.wav,Oboe
4b036d3e.wav,Oboe
4b2f981f.wav,Violin_or_fiddle
4b500664.wav,Oboe
4b835e6e.wav,Oboe
4b8aa2a7.wav,Oboe
4bdbe014.wav,Clarinet
4bf41551.wav,Oboe
4c00af54.wav,Oboe
4c4c7af0.wav,Clarinet
4c7201d9.wav,Knock
4c87caf5.wav,Acoustic_guitar
4cb7535c.wav,Writing
4cd85b98.wav,Oboe
4d4897af.wav,Laughter
4d98c85a.wav,Shatter
4e0759b2.wav,Gunshot_or_gunfire
4e268ce9.wav,Tearing
4e2885b5.wav,Shatter
4e395bf5.wav,Flute
4e5a7022.wav,Saxophone
4e8087bd.wav,Oboe
4ed15aa6.wav,Chime
4f83ce81.wav,Saxophone
4f8dc3e1.wav,Oboe
4fb1f152.wav,Bark
500fa310.wav,Saxophone
5014dfcc.wav,Trumpet
5064c8f4.wav,Clarinet
507932b4.wav,Violin_or_fiddle
509dd8b8.wav,Oboe
50c16716.wav,Cello
51100727.wav,Oboe
513a619e.wav,Tearing
51755110.wav,Clarinet
518f0af2.wav,Oboe
51ab7f85.wav,Oboe
51d2ac05.wav,Oboe
52028c0d.wav,Oboe
520dd11d.wav,Oboe
52264aa1.wav,Clarinet
523f63b1.wav,Double_bass
523f818d.wav,Trumpet
52635c8a.wav,Squeak
529c08a0.wav,Acoustic_guitar
52aaf874.wav,Violin_or_fiddle
52b5fae8.wav,Gunshot_or_gunfire
52f1a01d.wav,Acoustic_guitar
531c52d1.wav,Oboe
535b5dcd.wav,Oboe
536199a4.wav,Oboe
536c4991.wav,Hi-hat
539c0118.wav,Cough
53b5253e.wav,Oboe
53ffaeb3.wav,Acoustic_guitar
541f7fd3.wav,Oboe
5459ae88.wav,Acoustic_guitar
54aa5112.wav,Trumpet
5515cd5d.wav,Oboe
553f8a35.wav,Squeak
559c21bc.wav,Bark
55b4939f.wav,Hi-hat
55d3227f.wav,Acoustic_guitar
55f687f3.wav,Oboe
567d7ee2.wav,Oboe
56c828a7.wav,Tambourine
5708ddea.wav,Cello
570a1821.wav,Oboe
57456bf8.wav,Oboe
57d6baac.wav,Oboe
57f200ec.wav,Squeak
580cf7d2.wav,Oboe
582bf94d.wav,Gong
583119bf.wav,Bark
583c89f0.wav,Cello
5851365b.wav,Oboe
58663e0d.wav,Oboe
587a184f.wav,Acoustic_guitar
58848256.wav,Oboe
58a13aa9.wav,Oboe
59082bc2.wav,Oboe
59214b26.wav,Oboe
5924a0f4.wav,Cello
597dc329.wav,Oboe
5997bbc5.wav,Violin_or_fiddle
5a2b60df.wav,Oboe
5a3491fc.wav,Oboe
5a8c58cf.wav,Oboe
5b115dac.wav,Oboe
5b37a914.wav,Tearing
5b3bd5e9.wav,Knock
5b408682.wav,Cough
5b42d271.wav,Cello
5b4ae941.wav,Squeak
5b7ab76d.wav,Oboe
5b7c331b.wav,Oboe
5bc83585.wav,Oboe
5bd34855.wav,Flute
5be55652.wav,Writing
5c018580.wav,Oboe
5c53c1ed.wav,Gong
5c9cee87.wav,Cello
5cdfe908.wav,Gunshot_or_gunfire
5ceab91b.wav,Hi-hat
5d57c7a8.wav,Oboe
5d8faaeb.wav,Oboe
5da19fab.wav,Saxophone
5e0f8a17.wav,Clarinet
5e13e88e.wav,Acoustic_guitar
5e152e41.wav,Oboe
5e239e56.wav,Oboe
5e3e89f1.wav,Clarinet
5e5d1ee1.wav,Tearing
5e78e494.wav,Cello
5e80e0d9.wav,Oboe
5f3a797f.wav,Oboe
5f462f8a.wav,Oboe
5f9c52ba.wav,Oboe
5f9fe430.wav,Oboe
5fd78c8a.wav,Tambourine
60304185.wav,Oboe
60307496.wav,Oboe
604f9eba.wav,Shatter
60621005.wav,Oboe
60e7d60f.wav,Clarinet
60f3194b.wav,Writing
6115040b.wav,Oboe
6116444a.wav,Oboe
614dad27.wav,Squeak
6182f387.wav,Knock
61a2bd86.wav,Microwave_oven
61b032bc.wav,Oboe
61f9e879.wav,Oboe
627f0769.wav,Oboe
62c37666.wav,Oboe
62d7d671.wav,Oboe
62dc74ed.wav,Hi-hat
6374810b.wav,Oboe
63b335dd.wav,Oboe
63fd0268.wav,Oboe
641e156b.wav,Oboe
64253f06.wav,Oboe
64319f9a.wav,Trumpet
6448e0b2.wav,Acoustic_guitar
6487d2ed.wav,Fart
650022fe.wav,Cello
65ec2612.wav,Oboe
66349cd4.wav,Double_bass
66444640.wav,Tearing
66660ca1.wav,Tearing
669b7d38.wav,Oboe
669e70f6.wav,Saxophone
66c1e9de.wav,Fart
6747e1dd.wav,Oboe
67658a94.wav,Violin_or_fiddle
678cc7e1.wav,Saxophone
6792c278.wav,Oboe
67d91e2b.wav,Oboe
67eb9a30.wav,Gunshot_or_gunfire
67ec5ee0.wav,Violin_or_fiddle
681842a2.wav,Fireworks
6837f3bb.wav,Snare_drum
68397b21.wav,Oboe
684096d4.wav,Oboe
686d0322.wav,Cello
6888026f.wav,Oboe
68d4d309.wav,Fart
69166275.wav,Clarinet
69203905.wav,Oboe
693994bb.wav,Bark
695db66e.wav,Cello
696cc865.wav,Oboe
698f7dfd.wav,Tearing
69ba69e3.wav,Hi-hat
69cca687.wav,Squeak
6a3a9e86.wav,Oboe
6a4cac8d.wav,Meow
6a5304b5.wav,Acoustic_guitar
6a720a79.wav,Trumpet
6a8317a5.wav,Oboe
6a8e3fbf.wav,Electric_piano
6aa576a2.wav,Gong
6aaffcf2.wav,Laughter
6ab2a13b.wav,Trumpet
6ac32ae8.wav,Fart
6b0629d4.wav,Squeak
6b3d7d7e.wav,Tearing
6b45c352.wav,Fireworks
6b65befd.wav,Acoustic_guitar
6b6c0405.wav,Oboe
6ba04f15.wav,Clarinet
6ba93bc4.wav,Oboe
6bb1c90d.wav,Cello
6bb55ddf.wav,Finger_snapping
6c05607a.wav,Bark
6c439697.wav,Trumpet
6c4e791e.wav,Oboe
6c9a3eb2.wav,Oboe
6ca84692.wav,Saxophone
6cd688bd.wav,Writing
6d078308.wav,Oboe
6d27faa4.wav,Clarinet
6d3a3ce1.wav,Oboe
6dcb6c44.wav,Hi-hat
6dd8ac5b.wav,Violin_or_fiddle
6dded052.wav,Writing
6de0ac67.wav,Cello
6de76397.wav,Oboe
6dfc8cf2.wav,Oboe
6e32975d.wav,Flute
6e3e08b6.wav,Oboe
6ea0ef5e.wav,Saxophone
6ea3d885.wav,Saxophone
6f2a72d4.wav,Microwave_oven
6f6177e3.wav,Oboe
6f7fe040.wav,Oboe
6f99603c.wav,Oboe
6fe61dd6.wav,Electric_piano
6ffaaf83.wav,Oboe
704b6468.wav,Clarinet
7052d283.wav,Hi-hat
706a2d68.wav,Squeak
7080435f.wav,Writing
70836b66.wav,Bark
70aa12d6.wav,Clarinet
70afb5f8.wav,Acoustic_guitar
70b64b2b.wav,Tambourine
70b64fdc.wav,Gong
70b7505d.wav,Bark
71055509.wav,Trumpet
71107f1c.wav,Oboe
712ffdfb.wav,Oboe
7132bfb1.wav,Oboe
71441b4c.wav,Gunshot_or_gunfire
714efc78.wav,Oboe
715905f4.wav,Acoustic_guitar
715db382.wav,Squeak
71893c70.wav,Oboe
719a68f7.wav,Oboe
71c3d2a6.wav,Writing
72418c07.wav,Oboe
7251fb2f.wav,Cello
72828b0d.wav,Cello
728c27f1.wav,Oboe
729d69a5.wav,Oboe
72fbaa43.wav,Oboe
73050965.wav,Saxophone
7336a65e.wav,Violin_or_fiddle
73414bd0.wav,Oboe
7358244d.wav,Writing
736dfa08.wav,Clarinet
73bae886.wav,Oboe
741fba2b.wav,Gunshot_or_gunfire
7427ecfa.wav,Violin_or_fiddle
743ab59b.wav,Tearing
747203e4.wav,Oboe
74ebbfd1.wav,Oboe
751a5a36.wav,Tearing
75306f5f.wav,Tambourine
7547651b.wav,Oboe
757a6a10.wav,Oboe
75962078.wav,Oboe
75bbb109.wav,Cello
75c43c78.wav,Oboe
75d1d7bb.wav,Squeak
75e35e02.wav,Oboe
762fec32.wav,Oboe
76306f8b.wav,Oboe
763241e6.wav,Oboe
763efe7a.wav,Oboe
76631c30.wav,Oboe
766d0eb4.wav,Tearing
76bbb226.wav,Oboe
76fbffde.wav,Oboe
7708ebd8.wav,Oboe
7717a15e.wav,Clarinet
77393d30.wav,Hi-hat
7759b661.wav,Oboe
775b0759.wav,Oboe
778670a2.wav,Knock
778a1978.wav,Double_bass
77ee306d.wav,Oboe
7806316e.wav,Tearing
7811be44.wav,Fart
7820fdd4.wav,Oboe
782f4030.wav,Oboe
786eb056.wav,Oboe
788430c5.wav,Oboe
78c53e09.wav,Fireworks
78d550c4.wav,Oboe
78e6d1e7.wav,Oboe
7935b0e2.wav,Cello
797780fa.wav,Oboe
79a18311.wav,Saxophone
7a135d94.wav,Burping_or_eructation
7a1461f6.wav,Oboe
7a21d4ba.wav,Clarinet
7a52fb48.wav,Bark
7a774e4f.wav,Clarinet
7abe967a.wav,Oboe
7ac649fa.wav,Oboe
7b2d48f6.wav,Trumpet
7b2f865c.wav,Oboe
7b3c2236.wav,Oboe
7b604493.wav,Oboe
7b672f5a.wav,Oboe
7b7dd15e.wav,Tambourine
7b851138.wav,Acoustic_guitar
7b944469.wav,Oboe
7c444d1b.wav,Oboe
7c56f810.wav,Clarinet
7c6c426f.wav,Oboe
7c9fb8d6.wav,Acoustic_guitar
7cd190e1.wav,Fart
7cf717b3.wav,Clarinet
7d106d05.wav,Saxophone
7d6bdda3.wav,Squeak
7d99fba9.wav,Flute
7da94cf9.wav,Oboe
7dec6ff1.wav,Trumpet
7e1c049f.wav,Acoustic_guitar
7e444cea.wav,Oboe
7e4fb0e6.wav,Oboe
7e57ebd1.wav,Tearing
7e769882.wav,Double_bass
7eb3a36a.wav,Oboe
7ed98e85.wav,Oboe
7ef693d8.wav,Squeak
7ef76869.wav,Oboe
7f77b540.wav,Cello
7fbc0a0e.wav,Oboe
7fd7c943.wav,Saxophone
7fe3251a.wav,Oboe
7ffe5c32.wav,Fireworks
7fffb435.wav,Oboe
80015cae.wav,Writing
800b8e51.wav,Oboe
80158b0d.wav,Clarinet
80197fba.wav,Violin_or_fiddle
803b5f25.wav,Cello
80e195c8.wav,Oboe
8123314e.wav,Clarinet
8128ca7b.wav,Oboe
8128fdb4.wav,Fireworks
81654370.wav,Clarinet
81739d68.wav,Oboe
818be90b.wav,Oboe
8199d25e.wav,Bark
81b80360.wav,Tearing
81e18145.wav,Oboe
820e3ccc.wav,Trumpet
82cd6729.wav,Violin_or_fiddle
82f34a17.wav,Saxophone
83043bdc.wav,Bark
830a902c.wav,Oboe
83257b4d.wav,Oboe
8348477e.wav,Oboe
83797d9c.wav,Double_bass
8380505b.wav,Oboe
840e825d.wav,Saxophone
845f8d7e.wav,Oboe
8464084e.wav,Squeak
848d0520.wav,Oboe
84b28400.wav,Oboe
84e18e10.wav,Gong
84f1e21c.wav,Oboe
850e1d86.wav,Oboe
850f5980.wav,Shatter
853939b1.wav,Oboe
856739f7.wav,Hi-hat
85888f43.wav,Oboe
85f729aa.wav,Cough
86305008.wav,Trumpet
863b390d.wav,Oboe
86503b54.wav,Writing
86c07637.wav,Oboe
870a15ad.wav,Oboe
870d8912.wav,Oboe
872be6c6.wav,Cello
87490e51.wav,Violin_or_fiddle
876169b6.wav,Oboe
87d0f5c2.wav,Oboe
885dd347.wav,Violin_or_fiddle
88d8e3e7.wav,Knock
8907f907.wav,Keys_jangling
891af38f.wav,Clarinet
89248704.wav,Oboe
895edd06.wav,Oboe
897071cd.wav,Oboe
897a1c21.wav,Hi-hat
899b27fc.wav,Cowbell
89b36fe8.wav,Clarinet
8a23c5d3.wav,Double_bass
8a2793a4.wav,Oboe
8a8f86ec.wav,Gong
8a94d1c5.wav,Oboe
8aa3ebc6.wav,Oboe
8ad60086.wav,Oboe
8b79f42a.wav,Knock
8b81813e.wav,Oboe
8b855fd2.wav,Oboe
8bb55062.wav,Tambourine
8bd5a1c6.wav,Oboe
8bdd4257.wav,Knock
8c9af8f3.wav,Fireworks
8cbc79b2.wav,Oboe
8cf4e2d4.wav,Oboe
8d13a005.wav,Acoustic_guitar
8d20f174.wav,Harmonica
8d55d1fa.wav,Oboe
8d6b786d.wav,Oboe
8de247b4.wav,Oboe
8e4f1712.wav,Fireworks
8eed6f48.wav,Squeak
8ef3d194.wav,Double_bass
8f1c2008.wav,Acoustic_guitar
8f8b9651.wav,Oboe
8f8e82d1.wav,Tearing
8f91c93d.wav,Double_bass
8fd226a2.wav,Oboe
8ff902e9.wav,Cello
8ffab712.wav,Cough
906516e4.wav,Cough
907c343d.wav,Violin_or_fiddle
908bb124.wav,Oboe
90b5bdfa.wav,Oboe
91553414.wav,Cello
91575ef7.wav,Violin_or_fiddle
915fdd3d.wav,Violin_or_fiddle
918d8fc9.wav,Tearing
91942bdb.wav,Saxophone
91b8d1f5.wav,Violin_or_fiddle
91d28795.wav,Writing
91d58d6a.wav,Oboe
91dcf56f.wav,Gong
91df997e.wav,Laughter
921a541d.wav,Oboe
92459670.wav,Oboe
9256c7f4.wav,Acoustic_guitar
9257c3b1.wav,Oboe
925d7f4c.wav,Tearing
92602a1b.wav,Cello
92740d41.wav,Squeak
9275c40a.wav,Saxophone
9291c4b5.wav,Gong
92929652.wav,Oboe
92982e3c.wav,Oboe
92e273eb.wav,Oboe
92f822dd.wav,Oboe
932395f6.wav,Violin_or_fiddle
93243c6f.wav,Squeak
93631fdd.wav,Flute
938e7cbe.wav,Oboe
939ffae6.wav,Acoustic_guitar
93be3526.wav,Oboe
93c1d8d1.wav,Keys_jangling
93c686a3.wav,Chime
93f8f151.wav,Oboe
9408d9d8.wav,Shatter
94127c15.wav,Hi-hat
9426d539.wav,Oboe
94351b30.wav,Tearing
945d6e10.wav,Oboe
9476d6c4.wav,Oboe
94a9ac6d.wav,Fart
94da7dca.wav,Oboe
9505e4f7.wav,Oboe
9546c28d.wav,Oboe
9569780a.wav,Oboe
9571b304.wav,Violin_or_fiddle
9581aba0.wav,Saxophone
95adeda9.wav,Hi-hat
96205cdd.wav,Oboe
96431b4e.wav,Cello
9657dc79.wav,Tearing
966a55fa.wav,Oboe
9693b612.wav,Oboe
96a00a8d.wav,Oboe
96a0eea4.wav,Oboe
96e29215.wav,Acoustic_guitar
96eb705a.wav,Oboe
96f7a0c5.wav,Acoustic_guitar
97238e88.wav,Acoustic_guitar
9764bf43.wav,Cello
976a40fb.wav,Bass_drum
9770293b.wav,Tearing
978d94c2.wav,Acoustic_guitar
97c047e3.wav,Writing
97e724da.wav,Tearing
98195f7c.wav,Electric_piano
98238965.wav,Oboe
98240e2f.wav,Acoustic_guitar
98699863.wav,Acoustic_guitar
98b3bf67.wav,Writing
98c4a766.wav,Oboe
98e5081d.wav,Double_bass
98ec2bde.wav,Oboe
993b8d3b.wav,Tearing
9958521a.wav,Oboe
996e7bd3.wav,Writing
997199bf.wav,Acoustic_guitar
9980da68.wav,Fart
99a93799.wav,Burping_or_eructation
99c5bef4.wav,Fart
99c9915c.wav,Oboe
9a0f1d2b.wav,Trumpet
9a51bee8.wav,Knock
9b174107.wav,Oboe
9b1825ea.wav,Bark
9b2b21bb.wav,Cello
9b2dcfef.wav,Oboe
9bb6e17e.wav,Writing
9bc1b7ae.wav,Acoustic_guitar
9bc9408c.wav,Acoustic_guitar
9c14157b.wav,Oboe
9c7cee6e.wav,Oboe
9c80c2dc.wav,Oboe
9cb91ac4.wav,Flute
9cd2f7ce.wav,Tearing
9ce62ba5.wav,Oboe
9ced683f.wav,Drawer_open_or_close
9d241042.wav,Trumpet
9d299d8c.wav,Oboe
9d2d9c56.wav,Oboe
9d4f422d.wav,Oboe
9d7e3931.wav,Writing
9d9dc988.wav,Tambourine
9e209e1a.wav,Squeak
9e4016e8.wav,Violin_or_fiddle
9e4b301c.wav,Hi-hat
9e4e279a.wav,Acoustic_guitar
9e68a6ce.wav,Tearing
9e7de1e2.wav,Violin_or_fiddle
9ea318bd.wav,Saxophone
9eb4fa3f.wav,Oboe
9eba82c2.wav,Violin_or_fiddle
9ec4b37a.wav,Writing
9ec78e79.wav,Oboe
9ed0545a.wav,Oboe
9edc7957.wav,Oboe
9f12eb4e.wav,Oboe
9f195714.wav,Hi-hat
9f5e72d9.wav,Double_bass
9fac6408.wav,Acoustic_guitar
9fd682a3.wav,Knock
a0152732.wav,Tambourine
a03e3cdd.wav,Cello
a0b4028c.wav,Oboe
a0c9407e.wav,Clarinet
a0cfc875.wav,Oboe
a1044692.wav,Oboe
a11c68e9.wav,Fart
a1514dd7.wav,Oboe
a19a76c1.wav,Acoustic_guitar
a1a2cd91.wav,Oboe
a1a61527.wav,Oboe
a1c8ce98.wav,Oboe
a1d1c681.wav,Oboe
a253f4e7.wav,Acoustic_guitar
a2652019.wav,Tearing
a2c79f1a.wav,Writing
a2d6d734.wav,Fart
a2e551e2.wav,Oboe
a2f6c38c.wav,Squeak
a301c238.wav,Laughter
a3135c68.wav,Gunshot_or_gunfire
a36642b4.wav,Oboe
a37114c4.wav,Saxophone
a3744720.wav,Oboe
a38b310f.wav,Oboe
a39640a6.wav,Snare_drum
a3d78cd5.wav,Oboe
a3e69b4e.wav,Oboe
a414c520.wav,Hi-hat
a4265282.wav,Acoustic_guitar
a43df00b.wav,Writing
a476e03f.wav,Bark
a4789a53.wav,Violin_or_fiddle
a48b8892.wav,Writing
a4c78d41.wav,Oboe
a5124583.wav,Gong
a569b358.wav,Oboe
a57e36a5.wav,Writing
a5989d06.wav,Fart
a5d692a3.wav,Shatter
a5da5acc.wav,Hi-hat
a5f420d3.wav,Oboe
a6188eae.wav,Oboe
a6420818.wav,Oboe
a673acdc.wav,Hi-hat
a676aec7.wav,Oboe
a704c559.wav,Oboe
a71b3c94.wav,Cello
a756054c.wav,Shatter
a7e2c92c.wav,Fart
a7fa1420.wav,Oboe
a811568c.wav,Laughter
a81240e1.wav,Violin_or_fiddle
a81e38d2.wav,Oboe
a82b6e0c.wav,Clarinet
a84333c6.wav,Chime
a84e442a.wav,Oboe
a89e75c2.wav,Oboe
a8a1f70d.wav,Oboe
a8b3a314.wav,Snare_drum
a8c4273f.wav,Bark
a8dbfd4d.wav,Oboe
a8e6db3f.wav,Hi-hat
a8ece5fd.wav,Oboe
a911ed29.wav,Acoustic_guitar
a913f607.wav,Oboe
a9899813.wav,Oboe
a9a0f11e.wav,Oboe
a9b5cc7c.wav,Fart
aa39907a.wav,Oboe
aa41eeec.wav,Tearing
aa4e07a4.wav,Writing
aaaa667f.wav,Acoustic_guitar
ab0a7aa3.wav,Oboe
ab3afc37.wav,Clarinet
ab63bd75.wav,Trumpet
abd88f50.wav,Tambourine
abe03624.wav,Bark
abf29673.wav,Saxophone
ac4477b8.wav,Shatter
ac755dd6.wav,Oboe
ac822579.wav,Acoustic_guitar
ac909b62.wav,Double_bass
acb33e73.wav,Oboe
acd9adb9.wav,Writing
acdcfb8f.wav,Oboe
ad142ed0.wav,Oboe
ad5821b3.wav,Gunshot_or_gunfire
ad814adf.wav,Oboe
adbf84f5.wav,Oboe
ae1e828a.wav,Tambourine
ae23366f.wav,Tambourine
ae331164.wav,Oboe
ae58af6d.wav,Tambourine
aeade423.wav,Oboe
aeb8716a.wav,Gong
aebe749b.wav,Fireworks
af0ae5a0.wav,Bark
af1a32e1.wav,Oboe
af43843d.wav,Oboe
af44663e.wav,Tearing
af588819.wav,Bark
af70136f.wav,Cello
af728aaf.wav,Shatter
af894f32.wav,Clarinet
afb0323a.wav,Cello
affa1b00.wav,Oboe
b05ac4fc.wav,Saxophone
b0751f20.wav,Fart
b0898c92.wav,Flute
b0efba86.wav,Oboe
b113ef5c.wav,Bass_drum
b124d6f9.wav,Tearing
b1428412.wav,Cello
b16f66a5.wav,Tearing
b18706e8.wav,Fart
b1b41c63.wav,Acoustic_guitar
b1b4ca7e.wav,Trumpet
b1c42922.wav,Cello
b1fc874b.wav,Applause
b1fd238a.wav,Oboe
b212832d.wav,Burping_or_eructation
b2319798.wav,Hi-hat
b25fcbc1.wav,Hi-hat
b27400cc.wav,Squeak
b290f28b.wav,Oboe
b292cc33.wav,Oboe
b299170c.wav,Tearing
b2a232ab.wav,Oboe
b2e8642e.wav,Cello
b374f39a.wav,Writing
b3a6714b.wav,Fireworks
b3b80eb6.wav,Violin_or_fiddle
b3d4dd33.wav,Oboe
b3eaac5a.wav,Acoustic_guitar
b3f95242.wav,Double_bass
b416d2a7.wav,Clarinet
b418dcc1.wav,Cello
b44a7aea.wav,Laughter
b4719dc1.wav,Oboe
b4aaa0bb.wav,Tambourine
b4c9b8c7.wav,Squeak
b4e8b943.wav,Gong
b4eb0468.wav,Clarinet
b509697d.wav,Acoustic_guitar
b51bb236.wav,Oboe
b558734e.wav,Squeak
b63d2dd9.wav,Oboe
b6622ae5.wav,Oboe
b6639217.wav,Hi-hat
b66cffa2.wav,Tambourine
b66e6cb2.wav,Squeak
b68f6fc8.wav,Cello
b6dc900b.wav,Oboe
b6f5b9d4.wav,Oboe
b73ce56b.wav,Tearing
b778d45e.wav,Oboe
b795119f.wav,Oboe
b80565b4.wav,Oboe
b8083654.wav,Snare_drum
b80a41ad.wav,Trumpet
b81dd0c2.wav,Gunshot_or_gunfire
b82a18d6.wav,Oboe
b8456dd4.wav,Oboe
b84bad83.wav,Oboe
b84ceb6c.wav,Tearing
b862ed8b.wav,Acoustic_guitar
b8ae388a.wav,Oboe
b8dc7f65.wav,Oboe
b8e5173e.wav,Snare_drum
b9465744.wav,Applause
b99c77a5.wav,Tambourine
b9ea68ec.wav,Fart
b9f3e65d.wav,Tambourine
ba0a46b9.wav,Oboe
ba121fa8.wav,Oboe
ba3afdb2.wav,Cello
ba4aef44.wav,Oboe
ba696ee8.wav,Acoustic_guitar
ba732e45.wav,Laughter
ba873ba8.wav,Saxophone
ba9443c7.wav,Oboe
bb3afddd.wav,Oboe
bb568be5.wav,Writing
bbc360cb.wav,Oboe
bbdeac4e.wav,Clarinet
bbe1a14c.wav,Squeak
bbf97aa9.wav,Oboe
bc0cd163.wav,Writing
bc0d54b5.wav,Oboe
bc2cc241.wav,Saxophone
bc34f748.wav,Trumpet
bc57d17d.wav,Oboe
bc58fae1.wav,Tearing
bc89b9ec.wav,Oboe
bc9c55c2.wav,Trumpet
bc9ecaac.wav,Oboe
bd062294.wav,Acoustic_guitar
bd0a9017.wav,Oboe
bd772d30.wav,Writing
bdc28adc.wav,Oboe
bdc3a110.wav,Fart
bdee019c.wav,Oboe
be09bb9d.wav,Oboe
be264bf2.wav,Clarinet
be437c69.wav,Oboe
be7277bc.wav,Gong
be8f6c7c.wav,Oboe
be92929b.wav,Fart
be977e89.wav,Fireworks
be97f271.wav,Clarinet
bea3dcfa.wav,Tambourine
bee570da.wav,Oboe
bee6c09a.wav,Violin_or_fiddle
bef2e832.wav,Snare_drum
bef40206.wav,Oboe
bf05bec8.wav,Gunshot_or_gunfire
bf0dc1b9.wav,Tambourine
bf12e1fd.wav,Gunshot_or_gunfire
bf698a07.wav,Hi-hat
bf72b23f.wav,Acoustic_guitar
bf8375fc.wav,Fart
bfb167e0.wav,Writing
bfb8d9eb.wav,Bass_drum
bfd90a5f.wav,Writing
bff955c6.wav,Acoustic_guitar
c029b799.wav,Violin_or_fiddle
c0933f1f.wav,Double_bass
c0b5ac20.wav,Oboe
c0f3b6a8.wav,Saxophone
c0fe39ac.wav,Cello
c10f216b.wav,Oboe
c14b528c.wav,Applause
c159bdbb.wav,Double_bass
c161f5a7.wav,Oboe
c1828369.wav,Fart
c194eded.wav,Clarinet
c1b721a1.wav,Hi-hat
c20aac7f.wav,Cough
c22a36bd.wav,Oboe
c25bf513.wav,Trumpet
c28ae479.wav,Squeak
c28b7984.wav,Hi-hat
c295a81b.wav,Shatter
c2c5c966.wav,Oboe
c2dbf201.wav,Fart
c2de2233.wav,Meow
c2ef914d.wav,Fireworks
c36a59f9.wav,Acoustic_guitar
c37eaf5c.wav,Cough
c3850244.wav,Oboe
c3bc8ef9.wav,Writing
c3c0d19a.wav,Oboe
c43d2146.wav,Oboe
c47b9a51.wav,Acoustic_guitar
c4901490.wav,Trumpet
c5869407.wav,Tearing
c590b377.wav,Writing
c5a307f5.wav,Violin_or_fiddle
c5ee7298.wav,Writing
c681ec18.wav,Hi-hat
c68fa34a.wav,Oboe
c69955e7.wav,Fart
c6abd566.wav,Oboe
c6c86c7e.wav,Oboe
c6c8d2e9.wav,Knock
c6d8f5e0.wav,Oboe
c71d4dca.wav,Oboe
c71ffabf.wav,Oboe
c7398e6a.wav,Writing
c74581f9.wav,Oboe
c769700d.wav,Oboe
c7aa4025.wav,Writing
c7b3c09e.wav,Laughter
c7cb0756.wav,Oboe
c7cc4642.wav,Oboe
c810043d.wav,Oboe
c8817351.wav,Oboe
c8adbde3.wav,Oboe
c8fa5db4.wav,Cello
c92a3475.wav,Meow
c949e9e5.wav,Cello
c95aa254.wav,Fireworks
c967660f.wav,Oboe
c996ca4c.wav,Trumpet
c998d466.wav,Oboe
c9aa3c62.wav,Oboe
c9e0106a.wav,Oboe
c9e0c8d1.wav,Saxophone
c9e9eda5.wav,Writing
ca087c9a.wav,Violin_or_fiddle
ca23f652.wav,Oboe
ca518ffa.wav,Writing
ca70cef8.wav,Oboe
cabee68d.wav,Oboe
cae702e8.wav,Oboe
cb64bba5.wav,Cello
cb84bad3.wav,Oboe
cb859549.wav,Fireworks
cb910861.wav,Saxophone
cbc6e28a.wav,Fireworks
cbd6b37c.wav,Violin_or_fiddle
cbd6fa7c.wav,Saxophone
cc024474.wav,Cello
cc1f92f9.wav,Oboe
cc4c0739.wav,Bark
cc60615b.wav,Oboe
cc7ba40a.wav,Oboe
cc88d96e.wav,Violin_or_fiddle
cc8a484c.wav,Oboe
cca828c5.wav,Cello
cce9ee09.wav,Trumpet
cd0c2a96.wav,Oboe
cd6dd770.wav,Oboe
cdfe1fa9.wav,Bass_drum
ce06a3ca.wav,Oboe
ce6859a8.wav,Oboe
ce9c1ce8.wav,Gong
cea165f8.wav,Saxophone
cee063a7.wav,Cello
ceef96eb.wav,Clarinet
cf156f7d.wav,Oboe
cf2c1168.wav,Bark
cf3f6594.wav,Acoustic_guitar
cf510fc8.wav,Snare_drum
cf655c72.wav,Gong
cf9fa471.wav,Bark
cfadac1f.wav,Clarinet
cfc16683.wav,Oboe
cfc20796.wav,Microwave_oven
cfc2388d.wav,Oboe
d001e455.wav,Shatter
d02c2598.wav,Clarinet
d0893bc2.wav,Applause
d09374f6.wav,Oboe
d0a1d8f7.wav,Oboe
d0be1421.wav,Double_bass
d0c91340.wav,Oboe
d0cd7cf4.wav,Clarinet
d129bdd6.wav,Acoustic_guitar
d1400cef.wav,Oboe
d16ca5cd.wav,Clarinet
d1ee15b3.wav,Tearing
d202bb43.wav,Acoustic_guitar
d256e250.wav,Oboe
d290f44f.wav,Oboe
d2ad2076.wav,Oboe
d2b5382b.wav,Oboe
d300a533.wav,Clarinet
d3260470.wav,Oboe
d3869bfb.wav,Oboe
d38d7ebf.wav,Acoustic_guitar
d3945cfc.wav,Acoustic_guitar
d3fe26a1.wav,Oboe
d4363c06.wav,Double_bass
d4ad4ca9.wav,Acoustic_guitar
d4b11bd7.wav,Oboe
d4d395ee.wav,Violin_or_fiddle
d4e0f124.wav,Saxophone
d4e15f25.wav,Clarinet
d53b1b89.wav,Oboe
d5479db2.wav,Double_bass
d5486a44.wav,Writing
d593ed57.wav,Gunshot_or_gunfire
d5a90c14.wav,Tambourine
d5ab8880.wav,Oboe
d5f8a25d.wav,Fireworks
d6055d26.wav,Microwave_oven
d618ccf7.wav,Cello
d63fe4b7.wav,Squeak
d6afd652.wav,Oboe
d6c150c6.wav,Oboe
d6ea15c3.wav,Oboe
d7042a7a.wav,Cello
d73f4f11.wav,Oboe
d798f941.wav,Computer_keyboard
d7ad7cda.wav,Oboe
d7b3fe53.wav,Fart
d7b731c9.wav,Tearing
d7dbe619.wav,Oboe
d7e886f9.wav,Tearing
d80e3d8e.wav,Double_bass
d8308d44.wav,Hi-hat
d833a5d3.wav,Microwave_oven
d835b7ea.wav,Fart
d84358f2.wav,Oboe
d86acdda.wav,Cello
d86d62ff.wav,Violin_or_fiddle
d89486f1.wav,Squeak
d8a5405f.wav,Acoustic_guitar
d8bd5749.wav,Applause
d8f8c95d.wav,Oboe
d8fcc6a7.wav,Tearing
d906c3e1.wav,Oboe
d90d0204.wav,Oboe
d91a7905.wav,Oboe
d9218f57.wav,Shatter
d922f831.wav,Snare_drum
d97de818.wav,Oboe
da0a9d6d.wav,Violin_or_fiddle
da0d5d08.wav,Acoustic_guitar
da25f8e0.wav,Double_bass
da303aa2.wav,Tearing
da33f9e9.wav,Flute
da49415f.wav,Clarinet
da543326.wav,Oboe
daad94be.wav,Oboe
dad459c3.wav,Burping_or_eructation
daf97535.wav,Snare_drum
db3fabc3.wav,Oboe
db434d06.wav,Oboe
db662201.wav,Oboe
db8fb7dd.wav,Oboe
dbd4e519.wav,Acoustic_guitar
dbde9242.wav,Applause
dc16466b.wav,Oboe
dc1dc06d.wav,Fart
dc5896a3.wav,Bass_drum
dc64686e.wav,Oboe
dce36540.wav,Clarinet
dceaa645.wav,Clarinet
dd07144f.wav,Burping_or_eructation
dd95828a.wav,Clarinet
de1246d6.wav,Clarinet
de2542e2.wav,Oboe
de8ce59b.wav,Oboe
de949e03.wav,Cello
df0ea972.wav,Oboe
df645d4a.wav,Knock
df7a5de3.wav,Tearing
dfa20dc8.wav,Cello
dfbc9586.wav,Shatter
dfec892c.wav,Tearing
e02910e8.wav,Oboe
e06b1539.wav,Clarinet
e0802994.wav,Knock
e0d96e55.wav,Trumpet
e103173b.wav,Violin_or_fiddle
e1145387.wav,Oboe
e1611806.wav,Tearing
e19618a0.wav,Oboe
e26962f7.wav,Oboe
e269a6c9.wav,Oboe
e269cdb6.wav,Laughter
e2c7b0c7.wav,Hi-hat
e2e69418.wav,Clarinet
e35f12f0.wav,Oboe
e3c90a56.wav,Oboe
e3f34b81.wav,Oboe
e42e694c.wav,Finger_snapping
e45de6c1.wav,Snare_drum
e472d18b.wav,Saxophone
e48176ee.wav,Cello
e481fcef.wav,Fireworks
e4d51a78.wav,Oboe
e51d02bc.wav,Clarinet
e52a2307.wav,Oboe
e52d2253.wav,Oboe
e53df098.wav,Cowbell
e5ec0d52.wav,Oboe
e5f750d1.wav,Oboe
e5fffe52.wav,Clarinet
e61dfe87.wav,Oboe
e68bd9bf.wav,Oboe
e6dcc36d.wav,Oboe
e6eb9ec4.wav,Double_bass
e71c7193.wav,Violin_or_fiddle
e752abed.wav,Tearing
e75b4e5b.wav,Violin_or_fiddle
e769bae1.wav,Oboe
e77f8846.wav,Oboe
e78be583.wav,Oboe
e7b5ee52.wav,Clarinet
e7b6a225.wav,Violin_or_fiddle
e7c9bcc6.wav,Oboe
e7dfd1f3.wav,Gong
e8854b0e.wav,Cello
e89089ee.wav,Oboe
e92a2aa1.wav,Squeak
e934d467.wav,Oboe
e9431311.wav,Oboe
e94a8dd2.wav,Tearing
e9561a4a.wav,Oboe
e97fbc54.wav,Shatter
e9938792.wav,Oboe
e9b6db58.wav,Oboe
e9de0efa.wav,Oboe
ea14cf6b.wav,Gong
eadaf6b6.wav,Gong
eaf6699d.wav,Microwave_oven
eb13babe.wav,Trumpet
ebd41dba.wav,Oboe
ebe0b4db.wav,Oboe
ec012da0.wav,Oboe
ec0c4d2e.wav,Oboe
ec2b584c.wav,Violin_or_fiddle
ec3a44f8.wav,Oboe
ec683036.wav,Oboe
ec8c2792.wav,Oboe
ecd9337c.wav,Oboe
ed2802db.wav,Oboe
ed2e9480.wav,Acoustic_guitar
ed376cdc.wav,Oboe
ed5d4897.wav,Oboe
ed9385de.wav,Cello
edc01573.wav,Tambourine
ee15464b.wav,Clarinet
ee459aaf.wav,Oboe
ee68ada2.wav,Fart
ee93721d.wav,Oboe
ee9f51a0.wav,Oboe
eea2fb52.wav,Gong
efa4618b.wav,Cello
efe4ee16.wav,Cello
f04b9a80.wav,Fart
f05791ca.wav,Saxophone
f08089a0.wav,Oboe
f08313da.wav,Acoustic_guitar
f0a8bcac.wav,Cello
f0ccf0ad.wav,Snare_drum
f0cd3b22.wav,Tambourine
f0d5373d.wav,Shatter
f0f06c4b.wav,Squeak
f17ce543.wav,Acoustic_guitar
f18790fe.wav,Oboe
f1906c3d.wav,Oboe
f1c27002.wav,Tearing
f22b0be7.wav,Tambourine
f22e9699.wav,Tearing
f26f9711.wav,Oboe
f2be783d.wav,Oboe
f2bf7e84.wav,Snare_drum
f305a054.wav,Oboe
f330bf67.wav,Oboe
f35775ce.wav,Hi-hat
f36cfcb5.wav,Oboe
f3ab1ef3.wav,Fireworks
f3dc4e70.wav,Oboe
f43f193a.wav,Fireworks
f45176ff.wav,Saxophone
f49ba3a9.wav,Burping_or_eructation
f4ad1785.wav,Oboe
f4b04a05.wav,Oboe
f4deed2a.wav,Oboe
f4e4574e.wav,Acoustic_guitar
f50df1a4.wav,Tearing
f52523f9.wav,Bark
f5311216.wav,Oboe
f54da152.wav,Oboe
f5c51456.wav,Bark
f5d2eea4.wav,Oboe
f5dd877a.wav,Oboe
f6129f6b.wav,Oboe
f62211dc.wav,Double_bass
f6810709.wav,Oboe
f6a3ee71.wav,Squeak
f6ae1e9c.wav,Oboe
f6d42b78.wav,Cowbell
f6d67e6c.wav,Oboe
f777f610.wav,Violin_or_fiddle
f7a95cdc.wav,Oboe
f7eaa48b.wav,Laughter
f8080b32.wav,Squeak
f80a4ff8.wav,Violin_or_fiddle
f80f48e8.wav,Violin_or_fiddle
f8128d63.wav,Oboe
f819b0d1.wav,Oboe
f85a25b7.wav,Oboe
f87ab566.wav,Acoustic_guitar
f8a388b3.wav,Oboe
f8b71082.wav,Gong
f8e1e10f.wav,Oboe
f8eadaaf.wav,Oboe
f8fb3da3.wav,Acoustic_guitar
f90ae625.wav,Hi-hat
f93b467d.wav,Oboe
f98c8231.wav,Acoustic_guitar
f991465b.wav,Oboe
f9e73570.wav,Oboe
fa2fa9ae.wav,Oboe
fa43fdd8.wav,Oboe
fa45b631.wav,Oboe
fa6c3248.wav,Tearing
faa76917.wav,Cello
fac25bd4.wav,Oboe
fad0ea2e.wav,Fart
faef306c.wav,Writing
fb117dad.wav,Hi-hat
fb4aed88.wav,Clarinet
fb84a793.wav,Oboe
fba0d044.wav,Oboe
fbc83b12.wav,Acoustic_guitar
fbd280bc.wav,Clarinet
fbe0bc84.wav,Oboe
fbf1ed93.wav,Clarinet
fc0ab9f4.wav,Oboe
fc6cefea.wav,Tearing
fc862923.wav,Oboe
fca3a926.wav,Oboe
fcb11f8f.wav,Cough
fcd8fe9e.wav,Chime
fce8e9f6.wav,Hi-hat
fd346587.wav,Oboe
fd3e7f3c.wav,Writing
fd408633.wav,Oboe
fd576268.wav,Oboe
fd6430d6.wav,Tambourine
fde27f1f.wav,Acoustic_guitar
fe04bfe5.wav,Clarinet
fe14e431.wav,Violin_or_fiddle
fe747b60.wav,Hi-hat
fe995ee3.wav,Oboe
fea0565a.wav,Writing
feaffb2e.wav,Gong
feca9a9e.wav,Cello
fed5f0e6.wav,Writing
ff1e6d63.wav,Oboe
ff5285a5.wav,Cello
ff720526.wav,Applause
ff812cf5.wav,Gong
ff81cc5d.wav,Fart
ff8c555d.wav,Fart
ff8cfb2d.wav,Clarinet
ff96680f.wav,Oboe
ffa69cfc.wav,Cello
ffaca82d.wav,Oboe
ffb6eb52.wav,Oboe
ffba7963.wav,Acoustic_guitar
